dataset,model,mae,rmse,smape,n_splits,split_days,split_details
Boralesgamuwa UC (Sri Lanka),Baseline (7d mean),7.69,9.63,30.14,3,90,"[{'mae': 8.825235449735448, 'rmse': np.float64(10.883565449509254), 'smape': np.float64(32.63446774232851)}, {'mae': 6.532126984126983, 'rmse': np.float64(8.363191472755918), 'smape': np.float64(27.940303959978692)}, {'mae': 7.720486243386245, 'rmse': np.float64(9.657331171195207), 'smape': np.float64(29.848280518589327)}]"
Dehiwala MC (Sri Lanka),Baseline (7d mean),33.06,42.78,26.08,3,90,"[{'mae': 32.948135449735446, 'rmse': np.float64(42.67922568010667), 'smape': np.float64(22.761138144928953)}, {'mae': 33.52682539682539, 'rmse': np.float64(43.07223133422325), 'smape': np.float64(29.706807528179397)}, {'mae': 32.71180793650793, 'rmse': np.float64(42.58707608466098), 'smape': np.float64(25.75855461924668)}]"
Homagama PS (Sri Lanka),Baseline (7d mean),11.21,14.46,33.27,3,90,"[{'mae': 11.868484656084659, 'rmse': np.float64(15.135943958431332), 'smape': np.float64(34.365060806637445)}, {'mae': 9.725773544973547, 'rmse': np.float64(12.82745143992713), 'smape': np.float64(31.484738779005717)}, {'mae': 12.046901587301585, 'rmse': np.float64(15.407910639214245), 'smape': np.float64(33.9518271491659)}]"
Moratuwa MC (Sri Lanka),Baseline (7d mean),17.6,23.15,26.15,3,90,"[{'mae': 17.661657142857145, 'rmse': np.float64(24.43480922003281), 'smape': np.float64(26.164712281959897)}, {'mae': 17.322277777777778, 'rmse': np.float64(22.357593413187452), 'smape': np.float64(24.783327822419988)}, {'mae': 17.81538888888889, 'rmse': np.float64(22.671121690891916), 'smape': np.float64(27.491798150752167)}]"
Austin TX (USA),Baseline (7d mean),826.42,958.11,77.72,3,90,"[{'mae': 859.5313301587303, 'rmse': np.float64(1016.8056226963506), 'smape': np.float64(76.27900532220734)}, {'mae': 779.3336158730159, 'rmse': np.float64(905.6170558280631), 'smape': np.float64(79.29468288255327)}, {'mae': 840.3918100529102, 'rmse': np.float64(951.9134798801655), 'smape': np.float64(77.59352954165466)}]"
Ballarat (Australia),Baseline (7d mean),34.14,40.1,80.11,3,90,"[{'mae': 32.107619047619046, 'rmse': np.float64(37.53592288163385), 'smape': np.float64(80.65172377267227)}, {'mae': 34.61657671957672, 'rmse': np.float64(40.67535443558629), 'smape': np.float64(81.34595069609591)}, {'mae': 35.691724867724865, 'rmse': np.float64(42.090448072535864), 'smape': np.float64(78.32656017041843)}]"
