dataset,sarima_mae,rf_mae,xgb_mae,lstm_mae,prophet_mae,rf_improvement,xgb_improvement,lstm_improvement,prophet_improvement
Boralesgamuwa UC (Sri Lanka),7.27,6.01,5.9,7.89,7.55,17.331499312242087,18.844566712517185,-8.528198074277856,-3.851444291609357
Dehiwala MC (Sri Lanka),40.75,23.5,23.57,41.73,34.69,42.331288343558285,42.15950920245399,-2.404907975460115,14.871165644171786
Homagama PS (Sri Lanka),11.16,10.75,11.04,12.32,11.89,3.67383512544803,1.0752688172043101,-10.394265232974911,-6.541218637992835
Moratuwa MC (Sri Lanka),19.39,19.69,20.06,20.17,24.57,-1.5471892728210455,-3.4553893759669836,-4.022692109334714,-26.714801444043317
Austin TX (USA),638.5,155.64,138.22,320.94,202.96,75.62411902897416,78.35238841033673,49.735317149569305,68.21299921691464
Ballarat (Australia),24.91,10.5,10.56,27.49,16.99,57.84825371336812,57.607386591730226,-10.357286230429539,31.794460056202333
