dataset,baseline_mae,sarima_mae,rf_mae,xgb_mae,lstm_mae,prophet_mae,sarima_improvement,rf_improvement,xgb_improvement,lstm_improvement,prophet_improvement
Boralesgamuwa UC (Sri Lanka),7.69,7.61,6.37,7.04,7.21,6.78,1.0403120936280894,17.16514954486346,8.452535760728223,6.2418725617685356,11.833550065019507
Dehiwala MC (Sri Lanka),33.06,36.21,28.32,30.0,36.29,30.32,-9.528130671506348,14.337568058076231,9.255898366606177,-9.770114942528725,8.28796128251664
Homagama PS (Sri Lanka),11.21,10.96,11.11,11.94,11.02,10.85,2.230151650312221,0.8920606601249012,-6.512042818911673,1.6949152542372996,3.211418376449609
Moratuwa MC (Sri Lanka),17.6,17.06,16.97,18.74,16.71,17.83,3.0681818181818334,3.5795454545454684,-6.477272727272709,5.056818181818184,-1.306818181818164
Austin TX (USA),826.42,176.31,124.97,145.84,176.87,158.95,78.66581157280801,84.87814912514217,82.35279881900243,78.5980494179715,80.76643837274025
Ballarat (Australia),34.14,15.03,7.01,6.82,10.2,8.73,55.975395430579965,79.46690099589925,80.02343292325718,70.12302284710017,74.42882249560633
